{
  "BTCUSDT": {
    "1h": {
      "rows": 8761,
      "start_ts": 1725872400000,
      "end_ts": 1757408400000,
      "mean_return": 9.414251762249708e-05,
      "volatility": 0.004958986251241542,
      "price_range": {
        "min": 54804.0,
        "max": 124474.0
      }
    },
    "4h": {
      "rows": 2191,
      "start_ts": 1725868800000,
      "end_ts": 1757404800000,
      "mean_return": 0.0003748554408050744,
      "volatility": 0.00984976422613308,
      "price_range": {
        "min": 54804.0,
        "max": 124474.0
      }
    },
    "1d": {
      "rows": 366,
      "start_ts": 1725840000000,
      "end_ts": 1757376000000,
      "mean_return": 0.002136574865191087,
      "volatility": 0.02305816058303496,
      "price_range": {
        "min": 54804.0,
        "max": 124474.0
      }
    }
  },
  "ETHUSDT": {
    "1h": {
      "rows": 8761,
      "start_ts": 1725872400000,
      "end_ts": 1757408400000,
      "mean_return": 0.00010158147038121244,
      "volatility": 0.0076512545322905325,
      "price_range": {
        "min": 1385.05,
        "max": 4956.78
      }
    },
    "4h": {
      "rows": 2191,
      "start_ts": 1725868800000,
      "end_ts": 1757404800000,
      "mean_return": 0.00040589651969154717,
      "volatility": 0.01525617348728258,
      "price_range": {
        "min": 1385.05,
        "max": 4956.78
      }
    },
    "1d": {
      "rows": 366,
      "start_ts": 1725840000000,
      "end_ts": 1757376000000,
      "mean_return": 0.0024268494190480593,
      "volatility": 0.03883082665412755,
      "price_range": {
        "min": 1385.05,
        "max": 4956.78
      }
    }
  },
  "ADAUSDT": {
    "1h": {
      "rows": 8761,
      "start_ts": 1725872400000,
      "end_ts": 1757408400000,
      "mean_return": 0.00017923683041653473,
      "volatility": 0.01189250825923152,
      "price_range": {
        "min": 0.3141,
        "max": 1.3264
      }
    },
    "4h": {
      "rows": 2191,
      "start_ts": 1725868800000,
      "end_ts": 1757404800000,
      "mean_return": 0.0006957595421244842,
      "volatility": 0.02281400611456183,
      "price_range": {
        "min": 0.3141,
        "max": 1.3264
      }
    },
    "1d": {
      "rows": 366,
      "start_ts": 1725840000000,
      "end_ts": 1757376000000,
      "mean_return": 0.004284681024822676,
      "volatility": 0.06159139079284275,
      "price_range": {
        "min": 0.3141,
        "max": 1.3264
      }
    }
  },
  "SOLUSDT": {
    "1h": {
      "rows": 8761,
      "start_ts": 1725872400000,
      "end_ts": 1757408400000,
      "mean_return": 0.00010361782932232214,
      "volatility": 0.009341883054731999,
      "price_range": {
        "min": 95.26,
        "max": 295.83
      }
    },
    "4h": {
      "rows": 2191,
      "start_ts": 1725868800000,
      "end_ts": 1757404800000,
      "mean_return": 0.0003965346382633593,
      "volatility": 0.017696209730736434,
      "price_range": {
        "min": 95.26,
        "max": 295.83
      }
    },
    "1d": {
      "rows": 366,
      "start_ts": 1725840000000,
      "end_ts": 1757376000000,
      "mean_return": 0.0022968543463554713,
      "volatility": 0.04433420125136292,
      "price_range": {
        "min": 95.26,
        "max": 295.83
      }
    }
  },
  "DOGEUSDT": {
    "1h": {
      "rows": 8761,
      "start_ts": 1725872400000,
      "end_ts": 1757408400000,
      "mean_return": 0.00016550499175653485,
      "volatility": 0.011228918069086808,
      "price_range": {
        "min": 0.09694,
        "max": 0.48434
      }
    },
    "4h": {
      "rows": 2191,
      "start_ts": 1725868800000,
      "end_ts": 1757404800000,
      "mean_return": 0.0006518690714802554,
      "volatility": 0.02205934002107809,
      "price_range": {
        "min": 0.09694,
        "max": 0.48434
      }
    },
    "1d": {
      "rows": 366,
      "start_ts": 1725840000000,
      "end_ts": 1757376000000,
      "mean_return": 0.003677855516209474,
      "volatility": 0.05308749998727707,
      "price_range": {
        "min": 0.09694,
        "max": 0.48434
      }
    }
  },
  "AVAXUSDT": {
    "1h": {
      "rows": 8761,
      "start_ts": 1725872400000,
      "end_ts": 1757408400000,
      "mean_return": 6.24528871688641e-05,
      "volatility": 0.010244459036439672,
      "price_range": {
        "min": 14.66,
        "max": 55.79
      }
    },
    "4h": {
      "rows": 2191,
      "start_ts": 1725868800000,
      "end_ts": 1757404800000,
      "mean_return": 0.0002455694356087337,
      "volatility": 0.020188800028631274,
      "price_range": {
        "min": 14.66,
        "max": 55.79
      }
    },
    "1d": {
      "rows": 366,
      "start_ts": 1725840000000,
      "end_ts": 1757376000000,
      "mean_return": 0.0014354105368898941,
      "volatility": 0.049120312200536656,
      "price_range": {
        "min": 14.66,
        "max": 55.79
      }
    }
  },
  "TONUSDT": {
    "1h": {
      "rows": 8761,
      "start_ts": 1725872400000,
      "end_ts": 1757408400000,
      "mean_return": -2.1602671223082386e-05,
      "volatility": 0.008126621836935972,
      "price_range": {
        "min": 2.354,
        "max": 7.2
      }
    },
    "4h": {
      "rows": 2191,
      "start_ts": 1725868800000,
      "end_ts": 1757404800000,
      "mean_return": -0.00010376451170929183,
      "volatility": 0.01569307842643083,
      "price_range": {
        "min": 2.354,
        "max": 7.2
      }
    },
    "1d": {
      "rows": 366,
      "start_ts": 1725840000000,
      "end_ts": 1757376000000,
      "mean_return": -0.000743089009712379,
      "volatility": 0.03620554488363483,
      "price_range": {
        "min": 2.354,
        "max": 7.2
      }
    }
  },
  "XRPUSDT": {
    "1h": {
      "rows": 8762,
      "start_ts": 1725872400000,
      "end_ts": 1757412000000,
      "mean_return": 0.0002557146102180482,
      "volatility": 0.010759817843706753,
      "price_range": {
        "min": 0.486,
        "max": 3.6607
      }
    },
    "4h": {
      "rows": 2191,
      "start_ts": 1725868800000,
      "end_ts": 1757404800000,
      "mean_return": 0.0010034309456871538,
      "volatility": 0.020650709947399832,
      "price_range": {
        "min": 0.486,
        "max": 3.6607
      }
    },
    "1d": {
      "rows": 366,
      "start_ts": 1725840000000,
      "end_ts": 1757376000000,
      "mean_return": 0.005973715755724404,
      "volatility": 0.05134464655126456,
      "price_range": {
        "min": 0.486,
        "max": 3.6607
      }
    }
  },
  "LINKUSDT": {
    "1h": {
      "rows": 8762,
      "start_ts": 1725872400000,
      "end_ts": 1757412000000,
      "mean_return": 0.00014856246163583658,
      "volatility": 0.010796828131835811,
      "price_range": {
        "min": 10.07,
        "max": 30.94
      }
    },
    "4h": {
      "rows": 2191,
      "start_ts": 1725868800000,
      "end_ts": 1757404800000,
      "mean_return": 0.0005950064286282109,
      "volatility": 0.021178636452036846,
      "price_range": {
        "min": 10.07,
        "max": 30.94
      }
    },
    "1d": {
      "rows": 366,
      "start_ts": 1725840000000,
      "end_ts": 1757376000000,
      "mean_return": 0.0035870247938914984,
      "volatility": 0.05289145605119502,
      "price_range": {
        "min": 10.07,
        "max": 30.94
      }
    }
  }
}