{
  "timestamp": "2025-09-08T23:40:20.771099",
  "duration": 122.499276638031,
  "metrics": {
    "mse": 256330.4727545853,
    "mae": 399.4697152806609,
    "r2": 0.6590055519034447
  },
  "model_path": "checkpoints\\enterprise\\enterprise_model.pkl",
  "scaler_path": "checkpoints\\enterprise\\enterprise_scaler.pkl",
  "data_shape": {
    "X_train": [
      7912,
      960
    ],
    "X_test": [
      1979,
      960
    ],
    "y_train": [
      7912
    ],
    "y_test": [
      1979
    ]
  }
}