{
  "timestamp": "2025-09-08T23:34:21.925589",
  "duration": 121.82505559921265,
  "metrics": {
    "mse": 256330.4727545852,
    "mae": 399.4697152806608,
    "r2": 0.6590055519034448
  },
  "model_path": "checkpoints\\enterprise\\enterprise_model.pkl",
  "scaler_path": "checkpoints\\enterprise\\enterprise_scaler.pkl",
  "data_shape": {
    "X_train": [
      7912,
      960
    ],
    "X_test": [
      1979,
      960
    ],
    "y_train": [
      7912
    ],
    "y_test": [
      1979
    ]
  }
}