{
  "timestamp": "2025-09-08T23:46:58.982079",
  "duration": 111.05778455734253,
  "training_epochs": 1,
  "best_metrics": {
    "mse": 1026098.6427854614,
    "mae": 800.0856713070334,
    "r2": 0.9802824532395689
  },
  "current_metrics": {
    "mse": 1026098.6427854608,
    "mae": 800.0856713070332,
    "r2": 0.9802824532395689
  },
  "model_path": "checkpoints\\enterprise\\enterprise_model.pkl",
  "scaler_path": "checkpoints\\enterprise\\enterprise_scaler.pkl",
  "data_shape": {
    "X_train": [
      7912,
      1140
    ],
    "X_test": [
      1978,
      1140
    ],
    "y_train": [
      7912
    ],
    "y_test": [
      1978
    ]
  },
  "checkpoint_type": "final",
  "can_resume": true
}