{
  "initial_capital": 1000.0,
  "metrics_history": [
    {
      "cycle_id": 0,
      "timestamp": "2025-09-14T11:43:46.210449",
      "total_pnl_usdt": 1.5048742720199997,
      "portfolio_return_pct": 0.15048742720199995,
      "sharpe_ratio": 469895725300094.7,
      "max_drawdown_pct": 0.0,
      "win_rate": 1.0,
      "correlation_avg": NaN,
      "diversification_score": 0.03798557764809507,
      "total_trades": 30,
      "avg_quality_score": 93.5
    }
  ]
}